case_id,vuln_class,cwe,package,version,cve,fixed_version,fix_repo,fix_commit,sink_file,sink_line,test_file,c1_has_cve,c2_has_fix_reference,c3_sink_in_package,static_eligible
code-injection/djv_2.0.0,code-injection,CWE-94,djv,2.0.0,CVE-2020-28464,2.1.4,,,lib/utils/template.js,110,djv.test.js,True,True,True,True
code-injection/hot-formula-parser_3.0.0,code-injection,CWE-94,hot-formula-parser,3.0.0,CVE-2020-6836,3.0.1,handsontable/formula-parser,396b089738d4bf30eb570a4fe6a188affa95cd5e,lib/grammar-parser/grammar-parser.js,258,hot-formula-parser.test.js,True,True,True,True
code-injection/json-ptr_2.0.0,code-injection,CWE-94,json-ptr,2.0.0,CVE-2020-7766,2.0.0,,,src/util.ts,155,json-ptr.test.js,True,True,True,True
code-injection/node-rules_3.0.0,code-injection,CWE-94,node-rules,3.0.0,CVE-2020-7609,5.0.0,,,lib/node-rules.js,245,node-rules.test.js,True,True,True,True
code-injection/pixl-class_1.0.0,code-injection,CWE-94,pixl-class,1.0.0,CVE-2020-7640,1.0.3,jhuckaby/pixl-class,47677a3638e3583e42f3a05cc7f0b30293d2acc8,class.js,26,pixl-class.test.js,True,True,True,True
code-injection/reduce-css-calc_1.2.0,code-injection,CWE-94,reduce-css-calc,1.2.0,CVE-2016-10548,1.2.5,,,index.js,73,reduce-css-calc.test.js,True,True,True,True
code-injection/safer-eval_1.3.1,code-injection,CWE-94,safer-eval,1.3.1,CVE-2019-10759,1.3.4,,,lib/index.js,60,safer-eval.test.js,True,True,True,True
code-injection/thenify_3.3.0,code-injection,CWE-94,thenify,3.3.0,CVE-2020-7677,3.3.1,thenables/thenify,0d94a24eb933bc835d568f3009f4d269c4c4c17a,index.js,17,thenify.test.js,True,True,True,True
code-injection/underscore_1.13.0-0,code-injection,CWE-94,underscore,1.13.0-0,CVE-2021-23358,1.12.1,jashkenas/underscore,4c73526d43838ad6ab43a6134728776632adeb66,modules/template.js,71,underscore.test.js,True,True,True,True
command-injection/apex-publish-static-files_2.0.0,command-injection,CWE-78,apex-publish-static-files,2.0.0,CVE-2018-16462,2.0.1,vincentmorneau/apex-publish-static-files,2209af8f2b65c24aa55ab757e0e05b958c16f063,index.js,54,apex-publish-static-files.test.js,True,True,True,True
command-injection/async-git_1.13.1,command-injection,CWE-78,async-git,1.13.1,CVE-2020-28490,1.13.2,omrilotan/async-git,d1950a5021f4e19d92f347614be0d85ce991510d,lib/reset/index.js,11,async-git.test.js,True,True,True,True
command-injection/bestzip_2.1.6,command-injection,CWE-78,bestzip,2.1.6,CVE-2020-7730,2.1.7,nfriedly/node-bestzip,45d4a901478c6a8f396c8b959dd6cf8fd3f955b6,lib/bestzip.js,27,bestzip.test.js,True,True,True,True
command-injection/clamscan_1.2.0,command-injection,CWE-78,clamscan,1.2.0,CVE-2020-7613,1.3.0,kylefarris/clamscan,5f557c970817fe8c578ec3f7ad3bcbcef4cf5538,index.js,495,clamscan.test.js,True,True,True,True
command-injection/gm_1.20.0,command-injection,CWE-78,gm,1.20.0,CVE-2015-7982,1.20.0,,,lib/compare.js,72,gm.test.js,True,True,True,True
command-injection/macfromip_1.1.1,command-injection,CWE-78,macfromip,1.1.1,CVE-2020-7786,,bcamarneiro/macfromip,1bbed8cd6f8299ad2e9d028e0ed0771340ab8391,macfromip.js,66,macfromip.test.js,True,True,True,True
command-injection/pdfinfojs_0.3.6,command-injection,CWE-78,pdfinfojs,0.3.6,CVE-2018-3746,0.4.1,,,lib/pdfinfo.js,47,pdfinfojs.test.js,True,True,True,True
command-injection/portprocesses_1.0.4,command-injection,CWE-78,portprocesses,1.0.4,CVE-2021-23348,1.0.5,rrainn/PortProcesses,86811216c9b97b01b5722f879f8c88a7aa4214e1,exec.js,5,portprocesses.test.js,True,True,True,True
command-injection/strider-git_1.0.3,command-injection,CWE-78,strider-git,1.0.3,CVE-2019-10788,,Turistforeningen/node-im-metadata,ea15dddbe0f65694bfde36b78dd488e90f246639,lib/index.js,151,strider-git.test.js,True,True,True,True
command-injection/thi.ng-egf_0.3.0,command-injection,CWE-78,@thi.ng/egf,0.3.0,CVE-2021-21412,0.4.0,thi-ng/umbrella,88f61656e5f5cfba960013b8133186389efaf243,lib/index.js,157,egf.test.js,True,True,True,True
path-traversal/crud-file-server_0.7.0,path-traversal,CWE-22,crud-file-server,0.7.0,CVE-2018-3733,0.9.0,omphalos/crud-file-server,4fc3b404f718abb789f4ce4272c39c7a138c7a82,crud-file-server.js,170,crud-file-server.test.js,True,True,True,True
path-traversal/hostr_2.0.0,path-traversal,CWE-22,hostr,2.0.0,CVE-2017-16029,2.3.6,henrytseng/hostr,789a00047459fd80b6f0a9701a1378a47fb73ba8,lib/routes/static.js,56,hostr.test.js,True,True,True,True
path-traversal/http-live-simulator_1.0.0,path-traversal,CWE-22,http-live-simulator,1.0.0,CVE-2018-16479,1.0.7,,,bin/http-live,55,http-live-simulator.test.js,True,True,True,True
path-traversal/m-server_1.4.0,path-traversal,CWE-22,m-server,1.4.0,CVE-2018-16485,1.4.2,nunnly/m-server,01f13f040d1961ca3146dce7e2db990156e65e9a,lib/index.js,14,m-server.test.js,True,True,True,True
path-traversal/mcstatic_0.0.20,path-traversal,CWE-22,mcstatic,0.0.20,CVE-2018-16482,0.0.20,,,lib/responseHandlers.js,23,mcstatic.test.js,True,True,True,True
path-traversal/node-simple-router_0.10.0,path-traversal,CWE-22,node-simple-router,0.10.0,CVE-2017-16083,0.10.1,sandy98/node-simple-router,dfdd52e2e80607af433097d940b3834fd96df488,lib/router.js,757,node-simple-router.test.js,True,True,True,True
path-traversal/node-srv_2.0.0,path-traversal,CWE-22,node-srv,2.0.0,CVE-2018-3714,2.1.1,nim579/node-srv,15be996c0520ac6e4dee0cf0808fc7e72effd2a2,lib/server.js,185,node-srv.test.js,True,True,True,True
path-traversal/serve-here.js_1.1.0,path-traversal,CWE-22,serve-here.js,1.1.0,CVE-2019-5444,1.2.0,ChristoPy/serve-here.js,cefb51d03290b6a88dd13143ab2de31b8cf57c39,source/server.js,27,serve-here_js.test.js,True,True,True,True
path-traversal/stattic_0.2.3,path-traversal,CWE-22,stattic,0.2.3,CVE-2018-3734,0.3.0,,,index.js,117,stattic.test.js,True,True,True,True
path-traversal/tinyserver2_0.5.2,path-traversal,CWE-22,tinyserver2,0.5.2,CVE-2017-16085,0.6.1,,,tinyserver.js,27,tinyserver2.test.js,True,True,True,True
prototype-pollution/changeset_0.1.0,prototype-pollution,CWE-1321,changeset,0.1.0,CVE-2021-25915,0.2.6,eugeneware/changeset,9e588844edbb9993b32e7366cc799262b4447f99,index.js,81,changeset.test.js,True,True,True,True
prototype-pollution/deepref_1.1.1,prototype-pollution,CWE-1321,deepref,1.1.1,CVE-2020-28274,1.2.1,isaymatato/deepref,24935e6a1060cb09c641d3075982f0b44cfca4c2,index.js,29,deepref.test.js,True,True,True,True
prototype-pollution/dset_1.0.0,prototype-pollution,CWE-1321,dset,1.0.0,CVE-2020-28277,2.1.0,,,dist/dset.js,6,dset.test.js,True,True,True,True
prototype-pollution/getobject_0.1.0,prototype-pollution,CWE-1321,getobject,0.1.0,CVE-2020-28282,1.0.0,,,lib/getobject.js,48,getobject.test.js,True,True,True,True
prototype-pollution/hoek_5.0.0,prototype-pollution,CWE-1321,hoek,5.0.0,CVE-2018-3728,5.0.3,hapijs/hoek,32ed5c9413321fbc37da5ca81a7cbab693786dee,lib/index.js,137,hoek.test.js,True,True,True,True
prototype-pollution/jsonpointer_4.0.0,prototype-pollution,CWE-1321,jsonpointer,4.0.0,CVE-2021-23807,5.0.0,janl/node-jsonpointer,a0345f3550cd9c4d89f33b126390202b89510ad4,jsonpointer.js,43,jsonpointer.test.js,True,True,True,True
prototype-pollution/libnested_1.5.0,prototype-pollution,CWE-1321,libnested,1.5.0,CVE-2020-28283,1.5.1,dominictarr/libnested,9619863a319ed1e5c19ddcbdbe3312f9cef72760,index.js,27,libnested.test.js,True,True,True,True
prototype-pollution/merge-options_1.0.0,prototype-pollution,CWE-1321,merge-options,1.0.0,CVE-2018-3752,1.0.1,schnittstabil/merge-options,d4a93bc2890455e0931ac0779667023e6cb101d4,index.js,73,merge-options.test.js,True,True,True,True
prototype-pollution/sds_3.2.0,prototype-pollution,CWE-1321,sds,3.2.0,CVE-2020-7618,4.0.0,monsterkodi/sds,a228f025fd1be033088b7abbc0f77118d573f216,js,34,sds.test.js,True,True,True,True
prototype-pollution/set-value_3.0.0,prototype-pollution,CWE-1321,set-value,3.0.0,CVE-2021-23440,4.0.1,jonschlinkert/set-value,7cf8073bb06bf0c15e08475f9f952823b4576452,index.js,41,set-value.test.js,True,True,True,True
redos/ajv_5.2.2,redos,CWE-1333,ajv,5.2.2,CVE-2020-15366,6.12.3,,,util.js,143,ajv.test.js,True,True,True,True
redos/brace-expansion_1.1.6,redos,CWE-1333,brace-expansion,1.1.6,CVE-2017-18077,1.1.7,juliangruber/brace-expansion,b13381281cead487cbdbfd6a69fb097ea5e456c3,index.js,109,brace-expansion.test.js,True,True,True,True
redos/forwarded_0.1.0,redos,CWE-1333,forwarded,0.1.0,CVE-2017-16118,0.1.2,jshttp/forwarded,d469116eda4931fbe1c0ccb29497b35930bfa328,index.js,27,forwarded.test.js,True,True,True,True
redos/hosted-git-info_3.0.0,redos,CWE-1333,hosted-git-info,3.0.0,CVE-2021-23362,3.0.8,npm/hosted-git-info,bede0dc38e1785e732bf0a48ba6f81a4a908eba3,index.js,44,hosted-git-info.test.js,True,True,True,True
redos/marked_0.3.6,redos,CWE-1333,marked,0.3.6,CVE-2021-21306,2.0.0,markedjs/marked,7293251c438e3ee968970f7609f1a27f9007bccd,marked.js,662,marked.test.js,True,True,True,True
redos/ms_0.7.0,redos,CWE-1333,ms,0.7.0,CVE-2021-23388,1.2.1,caolan/forms,d4bd5b5febfe49c1f585f162e04ec810f8dc47a0,index.js,41,ms.test.js,True,True,True,True
redos/no-case_2.3.1,redos,CWE-1333,no-case,2.3.1,CVE-2017-16099,2.3.2,,,no-case.js,34,no-case.test.js,True,True,True,True
redos/printf_0.6.0,redos,CWE-1333,printf,0.6.0,CVE-2021-23354,0.6.1,,,printf.js,14,printf.test.js,True,True,True,True
redos/react-native_0.63.0-rc.0,redos,CWE-1333,react-native,0.63.0-rc.0,CVE-2020-1920,0.64.1,facebook/react-native,ca09ae82715e33c9ac77b3fa55495cf84ba891c7,jasmineAsyncInstall.js,106,react-native.test.js,True,True,True,True
redos/ua-parser-js_0.7.22,redos,CWE-1333,ua-parser-js,0.7.22,CVE-2021-27292,0.7.24,faisalman/ua-parser-js,809439e20e273ce0d25c1d04e111dcf6011eb566,ua-parser.js,98,ua-parser.test.js,True,True,True,True
