case_id,vuln_class,sink,semgrep_at_sink,semgrep_sink_rules,semgrep_near_sink_unrelated,semgrep_other_findings,c7_detected
code-injection/djv_2.0.0,code-injection,src/lib/utils/template.js:110,False,,,4,False
code-injection/hot-formula-parser_3.0.0,code-injection,src/lib/grammar-parser/grammar-parser.js:258,True,javascript.browser.security.eval-detected.eval-detected,,3,True
code-injection/node-rules_3.0.0,code-injection,src/lib/node-rules.js:245,True,javascript.browser.security.eval-detected.eval-detected,,0,True
code-injection/pixl-class_1.0.0,code-injection,src/class.js:26,True,javascript.browser.security.eval-detected.eval-detected,,0,True
code-injection/reduce-css-calc_1.2.0,code-injection,src/index.js:73,True,javascript.browser.security.eval-detected.eval-detected,javascript.lang.security.audit.detect-non-literal-regexp.detect-non-literal-regexp,2,True
code-injection/safer-eval_1.3.1,code-injection,src/lib/index.js:60,False,,,0,False
code-injection/thenify_3.3.0,code-injection,src/index.js:17,True,javascript.browser.security.eval-detected.eval-detected,,1,True
code-injection/underscore_1.13.0-0,code-injection,src/modules/template.js:71,False,,,60,False
command-injection/apex-publish-static-files_2.0.0,command-injection,src/index.js:54,False,,javascript.lang.security.audit.path-traversal.path-join-resolve-traversal.path-join-resolve-traversal,1,False
command-injection/async-git_1.13.1,command-injection,src/lib/reset/index.js:11,False,,,1,False
command-injection/bestzip_2.1.6,command-injection,src/lib/bestzip.js:27,True,javascript.lang.security.detect-child-process.detect-child-process,,6,True
command-injection/clamscan_1.2.0,command-injection,src/index.js:495,False,,,32,False
command-injection/pdfinfojs_0.3.6,command-injection,src/lib/pdfinfo.js:47,True,javascript.shelljs.security.shelljs-exec-injection.shelljs-exec-injection,,2,True
command-injection/portprocesses_1.0.4,command-injection,src/exec.js:5,True,javascript.lang.security.detect-child-process.detect-child-process,,0,True
command-injection/thi.ng-egf_0.3.0,command-injection,src/lib/index.js:157,True,javascript.lang.security.detect-child-process.detect-child-process,,9,True
path-traversal/crud-file-server_0.7.0,path-traversal,src/crud-file-server.js:170,False,,,1,False
path-traversal/http-live-simulator_1.0.0,path-traversal,src/bin/http-live:55,False,,,1,False
path-traversal/m-server_1.4.0,path-traversal,src/lib/index.js:14,True,javascript.lang.security.audit.path-traversal.path-join-resolve-traversal.path-join-resolve-traversal,problem-based-packs.insecure-transport.js-node.using-http-server.using-http-server,1,True
path-traversal/serve-here.js_1.1.0,path-traversal,src/source/server.js:27,False,,problem-based-packs.insecure-transport.js-node.using-http-server.using-http-server,1,False
path-traversal/tinyserver2_0.5.2,path-traversal,src/tinyserver.js:27,False,,problem-based-packs.insecure-transport.js-node.using-http-server.using-http-server,2,False
prototype-pollution/changeset_0.1.0,prototype-pollution,src/index.js:81,True,javascript.lang.security.audit.prototype-pollution.prototype-pollution-loop.prototype-pollution-loop,,1,True
prototype-pollution/dset_1.0.0,prototype-pollution,src/dist/dset.js:6,False,,,0,False
prototype-pollution/getobject_0.1.0,prototype-pollution,src/lib/getobject.js:48,False,,,1,False
prototype-pollution/hoek_5.0.0,prototype-pollution,src/lib/index.js:137,False,,,5,False
prototype-pollution/jsonpointer_4.0.0,prototype-pollution,src/jsonpointer.js:43,True,javascript.lang.security.audit.prototype-pollution.prototype-pollution-loop.prototype-pollution-loop,,1,True
prototype-pollution/libnested_1.5.0,prototype-pollution,src/index.js:27,False,,,1,False
prototype-pollution/merge-options_1.0.0,prototype-pollution,src/index.js:73,False,,,0,False
prototype-pollution/sds_3.2.0,prototype-pollution,None:34,False,,,6,False
prototype-pollution/set-value_3.0.0,prototype-pollution,src/index.js:41,True,javascript.lang.security.audit.prototype-pollution.prototype-pollution-loop.prototype-pollution-loop,,0,True
redos/ajv_5.2.2,redos,src/lib/compile/util.js:143,True,javascript.lang.security.audit.detect-non-literal-regexp.detect-non-literal-regexp,,11,True
redos/brace-expansion_1.1.6,redos,src/index.js:109,False,,,0,False
redos/forwarded_0.1.0,redos,src/index.js:27,False,,,0,False
redos/hosted-git-info_3.0.0,redos,src/index.js:44,False,,,2,False
redos/marked_0.3.6,redos,src/lib/marked.js:662,False,,,3,False
redos/no-case_2.3.1,redos,src/no-case.js:34,False,,,0,False
redos/printf_0.6.0,redos,src/lib/printf.js:14,False,,,1,False
redos/ua-parser-js_0.7.22,redos,src/src/ua-parser.js:98,False,,,0,False
