case_id,vuln_class,package,version,fixed_version,cve,osv_npm_packages,vulnerable_run,fixed_run,c4_consistent,c5_reproduces,c6_fix_blocks_exploit,verified
code-injection/djv_2.0.0,code-injection,djv,2.0.0,2.1.4,CVE-2020-28464,djv,exploited,not_exploited,True,True,True,True
code-injection/hot-formula-parser_3.0.0,code-injection,hot-formula-parser,3.0.0,3.0.1,CVE-2020-6836,hot-formula-parser,exploited,not_exploited,True,True,True,True
code-injection/json-ptr_2.0.0,code-injection,json-ptr,2.0.0,2.0.0,CVE-2020-7766,json-ptr,exploited,exploited,True,True,False,False
code-injection/node-rules_3.0.0,code-injection,node-rules,3.0.0,5.0.0,CVE-2020-7609,node-rules,exploited,not_exploited,True,True,True,True
code-injection/pixl-class_1.0.0,code-injection,pixl-class,1.0.0,1.0.3,CVE-2020-7640,pixl-class,exploited,not_exploited,True,True,True,True
code-injection/reduce-css-calc_1.2.0,code-injection,reduce-css-calc,1.2.0,1.2.5,CVE-2016-10548,reduce-css-calc,exploited,not_exploited,True,True,True,True
code-injection/safer-eval_1.3.1,code-injection,safer-eval,1.3.1,1.3.4,CVE-2019-10759,safer-eval,exploited,not_exploited,True,True,True,True
code-injection/thenify_3.3.0,code-injection,thenify,3.3.0,3.3.1,CVE-2020-7677,thenify,exploited,not_exploited,True,True,True,True
code-injection/underscore_1.13.0-0,code-injection,underscore,1.13.0-0,1.12.1,CVE-2021-23358,underscore,exploited,not_exploited,True,True,True,True
command-injection/apex-publish-static-files_2.0.0,command-injection,apex-publish-static-files,2.0.0,2.0.1,CVE-2018-16462,apex-publish-static-files,exploited,not_exploited,True,True,True,True
command-injection/async-git_1.13.1,command-injection,async-git,1.13.1,1.13.2,CVE-2020-28490,async-git,exploited,not_exploited,True,True,True,True
command-injection/bestzip_2.1.6,command-injection,bestzip,2.1.6,2.1.7,CVE-2020-7730,bestzip,exploited,not_exploited,True,True,True,True
command-injection/clamscan_1.2.0,command-injection,clamscan,1.2.0,1.3.0,CVE-2020-7613,clamscan,exploited,not_exploited,True,True,True,True
command-injection/gm_1.20.0,command-injection,gm,1.20.0,1.20.0,CVE-2015-7982,gm,exploited,exploited,True,True,False,False
command-injection/macfromip_1.1.1,command-injection,macfromip,1.1.1,,CVE-2020-7786,macfromip,exploited,no_fixed_version,True,True,False,False
command-injection/pdfinfojs_0.3.6,command-injection,pdfinfojs,0.3.6,0.4.1,CVE-2018-3746,pdfinfojs,exploited,not_exploited,True,True,True,True
command-injection/portprocesses_1.0.4,command-injection,portprocesses,1.0.4,1.0.5,CVE-2021-23348,portprocesses,exploited,not_exploited,True,True,True,True
command-injection/strider-git_1.0.3,command-injection,strider-git,1.0.3,,CVE-2019-10788,im-metadata,exploited,no_fixed_version,False,True,False,False
command-injection/thi.ng-egf_0.3.0,command-injection,@thi.ng/egf,0.3.0,0.4.0,CVE-2021-21412,@thi.ng/egf,exploited,not_exploited,True,True,True,True
path-traversal/crud-file-server_0.7.0,path-traversal,crud-file-server,0.7.0,0.9.0,CVE-2018-3733,crud-file-server,exploited,not_exploited,True,True,True,True
path-traversal/hostr_2.0.0,path-traversal,hostr,2.0.0,2.3.6,CVE-2017-16029,hostr,exploited,exploited,True,True,False,False
path-traversal/http-live-simulator_1.0.0,path-traversal,http-live-simulator,1.0.0,1.0.7,CVE-2018-16479,http-live-simulator,exploited,not_exploited,True,True,True,True
path-traversal/m-server_1.4.0,path-traversal,m-server,1.4.0,1.4.2,CVE-2018-16485,m-server,exploited,not_exploited,True,True,True,True
path-traversal/mcstatic_0.0.20,path-traversal,mcstatic,0.0.20,0.0.20,CVE-2018-16482,mcstatic,exploited,exploited,True,True,False,False
path-traversal/node-simple-router_0.10.0,path-traversal,node-simple-router,0.10.0,0.10.1,CVE-2017-16083,node-simple-router,timeout,timeout,True,False,False,False
path-traversal/node-srv_2.0.0,path-traversal,node-srv,2.0.0,2.1.1,CVE-2018-3714,node-srv,exploited,timeout,True,True,False,False
path-traversal/serve-here.js_1.1.0,path-traversal,serve-here.js,1.1.0,1.2.0,CVE-2019-5444,serve-here.js,exploited,not_exploited,True,True,True,True
path-traversal/stattic_0.2.3,path-traversal,stattic,0.2.3,0.3.0,CVE-2018-3734,stattic,timeout,timeout,True,False,False,False
path-traversal/tinyserver2_0.5.2,path-traversal,tinyserver2,0.5.2,0.6.1,CVE-2017-16085,tinyserver2,exploited,not_exploited,True,True,True,True
prototype-pollution/changeset_0.1.0,prototype-pollution,changeset,0.1.0,0.2.6,CVE-2021-25915,changeset,exploited,not_exploited,True,True,True,True
prototype-pollution/deepref_1.1.1,prototype-pollution,deepref,1.1.1,1.2.1,CVE-2020-28274,deepref,exploited,exploited,True,True,False,False
prototype-pollution/dset_1.0.0,prototype-pollution,dset,1.0.0,2.1.0,CVE-2020-28277,dset,exploited,not_exploited,True,True,True,True
prototype-pollution/getobject_0.1.0,prototype-pollution,getobject,0.1.0,1.0.0,CVE-2020-28282,getobject,exploited,not_exploited,True,True,True,True
prototype-pollution/hoek_5.0.0,prototype-pollution,hoek,5.0.0,5.0.3,CVE-2018-3728,hoek,exploited,not_exploited,True,True,True,True
prototype-pollution/jsonpointer_4.0.0,prototype-pollution,jsonpointer,4.0.0,5.0.0,CVE-2021-23807,jsonpointer;org.webjars.npm:json-pointer,exploited,not_exploited,True,True,True,True
prototype-pollution/libnested_1.5.0,prototype-pollution,libnested,1.5.0,1.5.1,CVE-2020-28283,libnested,exploited,not_exploited,True,True,True,True
prototype-pollution/merge-options_1.0.0,prototype-pollution,merge-options,1.0.0,1.0.1,CVE-2018-3752,merge-options,exploited,not_exploited,True,True,True,True
prototype-pollution/sds_3.2.0,prototype-pollution,sds,3.2.0,4.0.0,CVE-2020-7618,sds,exploited,not_exploited,True,True,True,True
prototype-pollution/set-value_3.0.0,prototype-pollution,set-value,3.0.0,4.0.1,CVE-2021-23440,set-value,exploited,not_exploited,True,True,True,True
redos/ajv_5.2.2,redos,ajv,5.2.2,6.12.3,CVE-2020-15366,ajv,exploited,not_exploited,True,True,True,True
redos/brace-expansion_1.1.6,redos,brace-expansion,1.1.6,1.1.7,CVE-2017-18077,brace-expansion,exploited,not_exploited,True,True,True,True
redos/forwarded_0.1.0,redos,forwarded,0.1.0,0.1.2,CVE-2017-16118,forwarded,exploited,not_exploited,True,True,True,True
redos/hosted-git-info_3.0.0,redos,hosted-git-info,3.0.0,3.0.8,CVE-2021-23362,hosted-git-info,exploited,not_exploited,True,True,True,True
redos/marked_0.3.6,redos,marked,0.3.6,2.0.0,CVE-2021-21306,marked,exploited,not_exploited,True,True,True,True
redos/ms_0.7.0,redos,ms,0.7.0,1.2.1,CVE-2021-23388,forms,exploited,install_failed,False,True,False,False
redos/no-case_2.3.1,redos,no-case,2.3.1,2.3.2,CVE-2017-16099,no-case,exploited,not_exploited,True,True,True,True
redos/printf_0.6.0,redos,printf,0.6.0,0.6.1,CVE-2021-23354,printf,exploited,not_exploited,True,True,True,True
redos/react-native_0.63.0-rc.0,redos,react-native,0.63.0-rc.0,0.64.1,CVE-2020-1920,react-native,exploited,exploited,True,True,False,False
redos/ua-parser-js_0.7.22,redos,ua-parser-js,0.7.22,0.7.24,CVE-2021-27292,ua-parser-js,exploited,not_exploited,True,True,True,True
